id,name
0,Dr. Glip-Glop
1,Baby Legs
2,Krombopulos Michael
3,Mr. Needful
4,Mace Windu
5,Luke Skywalker
6,Yoda
7,Poe Dameron
8,Jabba the Hutt
9,Tammy Gueterman
10,Ki-Adi-Mundi
11,Mr. Goldenfold
12,Bail Organa
13,Tiny Rick
14,Summer Smith
15,Darth Vader
16,Kylo Ren
17,Rick Sanchez
18,Jar Jar Binks
19,Morty Smith
20,Borvo the Hutt
21,Wedge Antilles
22,Sheev Palpatine
23,Panaka
24,Jerry Smith
25,Chewbacca
26,Birdperson
27,Rune Haako
28,Sebulba
29,Unity
30,Jessica
31,Qui-Gon Jinn
32,Shrimply Pibbles
33,Mr. Poopybutthole
34,Darth Caedus
35,Mr. Meeseeks
36,Snowball
37,Scary Terry
38,Ben Solo
39,Jerry's Mytholog
40,Boba Fett
41,Darth Maul
42,Nute Gunray
43,Leia Organa
44,Han Solo
45,Beth Smith
46,Eyeholes Man
47,Anakin Skywalker
48,Lando Calrissian
49,Count Dooku
50,Obi-Wan Kenobi
51,Padme Amidala
52,Jango Fett
53,Squanchy
54,Snuffles
55,Morty Jr.
56,Watto
57,Beth's Mytholog
58,Darth Sidious
